id;code;description;img_url;is_active
1;matrix backing navigate;GB state Towels;Rubber;false
2;Director THX;framework navigate Mouse;cross-platform card;false
3;maximize Sudan;24/7 Manager;Station monetize;true
4;TCP;program;Movies Brazilian Nepal;false
5;SDD;calculating;ROI deposit Generic;true
6;Austria;networks Web;calculating;true
7;card;bypassing;Concrete Intelligent;true
8;infrastructures invoice Investment;Gateway auxiliary;bypass Interactions;true
9;Bike Interactions;De-engineered Gloves Producer;Massachusetts Credit;false
10;Brunei Rubber bypassing;Concrete Lead;Kentucky utilisation;false
