id;code;description;is_active;width;height
1;neural e-enable;Garden purple Oklahoma;true;23053;36873
2;to Mississippi;Dollar;false;82055;31381
3;Ergonomic optical neural;Account Lead synthesizing;false;68887;36570
4;Ruble Forward;Plastic Shoes;true;53648;64469
5;Optimization;microchip;true;88990;32309
6;Incredible Versatile;Indiana Savings fuchsia;false;82273;59024
7;navigating Club;Rue Infrastructure;false;15199;77639
8;Representative;Wooden;true;74941;39541
9;Infrastructure;Pike;false;41284;49574
10;Supervisor hack Sleek;Functionality;true;51272;49963
